Футболка,Джинсы,Платье,Куртка
Джинсы,Шорты,Юбка,Кроссовки
Футболка,Джинсы,Платье,Куртка,Шорты
Свитер,Кроссовки
Футболка,Джинсы,Платье,Куртка,Шорты,Юбка
Юбка,Свитер
Футболка,Джинсы,Платье,Куртка,Шорты,Кроссовки
Юбка,Свитер,Кроссовки
Футболка,Джинсы,Куртка
Джинсы,Куртка,Шорты,Свитер,Кроссовки
Платье,Куртка,Шорты
Футболка,Платье,Куртка,Юбка,Свитер
Юбка,Свитер
Футболка,Джинсы,Куртка,Шорты,Кроссовки
Джинсы,Платье,Куртка,Шорты
Футболка,Юбка,Свитер
Джинсы,Куртка,Шорты
Платье,Юбка
Футболка,Джинсы,Платье,Куртка,Шорты,Кроссовки
Платье,Юбка
Футболка,Джинсы,Платье,Куртка,Свитер
Футболка,Джинсы,Куртка,Шорты,Кроссовки
Футболка,Джинсы,Платье,Куртка,Шорты,Юбка
Джинсы,Платье,Куртка,Шорты,Свитер,Кроссовки
Футболка,Джинсы,Платье
Джинсы,Куртка,Шорты,Юбка,Свитер
Футболка,Куртка,Шорты
Футболка,Джинсы,Кроссовки
Футболка,Джинсы,Платье,Свитер
Футболка,Джинсы
